activityName,providerEmail,aDay,nPlaces
Roma: tour guidato del Colosseo,luigi.verdi@mail.com,2026-08-01,5
Roma: tour guidato del Colosseo,luigi.verdi@mail.com,2026-08-03,5
Roma: tour guidato del Colosseo,luigi.verdi@mail.com,2026-08-04,5
Roma: tour guidato del Colosseo,luigi.verdi@mail.com,2026-08-05,5
Roma: tour guidato del Colosseo,luigi.verdi@mail.com,2026-08-06,5
Roma: tour guidato del Colosseo,luigi.verdi@mail.com,2026-08-07,5
Roma: tour guidato del Colosseo,luigi.verdi@mail.com,2026-08-08,5
Roma: tour guidato del Colosseo,luigi.verdi@mail.com,2026-08-10,5
Roma: tour guidato del Colosseo,luigi.verdi@mail.com,2026-08-11,5
Roma: tour guidato del Colosseo,luigi.verdi@mail.com,2026-08-12,5
Roma: biglietto d'ingresso per Castel Sant'Angelo,luigi.verdi@mail.com,2026-08-01,5
Roma: biglietto d'ingresso per Castel Sant'Angelo,luigi.verdi@mail.com,2026-08-03,5
Roma: biglietto d'ingresso per Castel Sant'Angelo,luigi.verdi@mail.com,2026-08-04,5
Roma: biglietto d'ingresso per Castel Sant'Angelo,luigi.verdi@mail.com,2026-08-05,5
Roma: biglietto d'ingresso per Castel Sant'Angelo,luigi.verdi@mail.com,2026-08-06,5
Roma: biglietto d'ingresso per Castel Sant'Angelo,luigi.verdi@mail.com,2026-08-07,5
Roma: biglietto d'ingresso per Castel Sant'Angelo,luigi.verdi@mail.com,2026-08-08,5
Roma: biglietto d'ingresso per Castel Sant'Angelo,luigi.verdi@mail.com,2026-08-10,5
Roma: biglietto d'ingresso per Castel Sant'Angelo,luigi.verdi@mail.com,2026-08-11,5
Roma: biglietto d'ingresso per Castel Sant'Angelo,luigi.verdi@mail.com,2026-08-12,5
Roma: tour privato del Foro Romano e del Palatino,luigi.verdi@mail.com,2026-08-01,5
Roma: tour privato del Foro Romano e del Palatino,luigi.verdi@mail.com,2026-08-03,5
Roma: tour privato del Foro Romano e del Palatino,luigi.verdi@mail.com,2026-08-04,5
Roma: tour privato del Foro Romano e del Palatino,luigi.verdi@mail.com,2026-08-05,5
Roma: tour privato del Foro Romano e del Palatino,luigi.verdi@mail.com,2026-08-06,5
Roma: tour privato del Foro Romano e del Palatino,luigi.verdi@mail.com,2026-08-07,5
Roma: tour privato del Foro Romano e del Palatino,luigi.verdi@mail.com,2026-08-08,5
Roma: tour privato del Foro Romano e del Palatino,luigi.verdi@mail.com,2026-08-10,5
Roma: tour privato del Foro Romano e del Palatino,luigi.verdi@mail.com,2026-08-11,5
Roma: tour privato del Foro Romano e del Palatino,luigi.verdi@mail.com,2026-08-12,5
Parigi: crociera sulla Senna,provider2@mail.com,2026-08-01,5
Parigi: crociera sulla Senna,provider2@mail.com,2026-08-03,5
Parigi: crociera sulla Senna,provider2@mail.com,2026-08-04,5
Parigi: crociera sulla Senna,provider2@mail.com,2026-08-05,5
Parigi: crociera sulla Senna,provider2@mail.com,2026-08-06,5
Parigi: crociera sulla Senna,provider2@mail.com,2026-08-07,5
Parigi: crociera sulla Senna,provider2@mail.com,2026-08-08,5
Parigi: crociera sulla Senna,provider2@mail.com,2026-08-10,5
Parigi: crociera sulla Senna,provider2@mail.com,2026-08-11,5
Parigi: crociera sulla Senna,provider2@mail.com,2026-08-12,5
Parigi: laboratorio di pasticceria francese,provider2@mail.com,2026-08-01,5
Parigi: laboratorio di pasticceria francese,provider2@mail.com,2026-08-03,5
Parigi: laboratorio di pasticceria francese,provider2@mail.com,2026-08-04,5
Parigi: laboratorio di pasticceria francese,provider2@mail.com,2026-08-05,5
Parigi: laboratorio di pasticceria francese,provider2@mail.com,2026-08-06,5
Parigi: laboratorio di pasticceria francese,provider2@mail.com,2026-08-07,5
Parigi: laboratorio di pasticceria francese,provider2@mail.com,2026-08-08,5
Parigi: laboratorio di pasticceria francese,provider2@mail.com,2026-08-10,5
Parigi: laboratorio di pasticceria francese,provider2@mail.com,2026-08-11,5
Parigi: laboratorio di pasticceria francese,provider2@mail.com,2026-08-12,5
Parigi: tour guidato di Notre-Dame,provider2@mail.com,2026-08-01,5
Parigi: tour guidato di Notre-Dame,provider2@mail.com,2026-08-03,5
Parigi: tour guidato di Notre-Dame,provider2@mail.com,2026-08-04,5
Parigi: tour guidato di Notre-Dame,provider2@mail.com,2026-08-05,5
Parigi: tour guidato di Notre-Dame,provider2@mail.com,2026-08-06,5
Parigi: tour guidato di Notre-Dame,provider2@mail.com,2026-08-07,5
Parigi: tour guidato di Notre-Dame,provider2@mail.com,2026-08-08,5
Parigi: tour guidato di Notre-Dame,provider2@mail.com,2026-08-10,5
Parigi: tour guidato di Notre-Dame,provider2@mail.com,2026-08-11,5
Parigi: tour guidato di Notre-Dame,provider2@mail.com,2026-08-12,5
Madrid: Biglietto d'ingresso al Palazzo Reale,giacomo.bianchi@mail.com,2026-08-01,5
Madrid: Biglietto d'ingresso al Palazzo Reale,giacomo.bianchi@mail.com,2026-08-03,5
Madrid: Biglietto d'ingresso al Palazzo Reale,giacomo.bianchi@mail.com,2026-08-04,5
Madrid: Biglietto d'ingresso al Palazzo Reale,giacomo.bianchi@mail.com,2026-08-05,5
Madrid: Biglietto d'ingresso al Palazzo Reale,giacomo.bianchi@mail.com,2026-08-06,5
Madrid: Biglietto d'ingresso al Palazzo Reale,giacomo.bianchi@mail.com,2026-08-07,5
Madrid: Biglietto d'ingresso al Palazzo Reale,giacomo.bianchi@mail.com,2026-08-08,5
Madrid: Biglietto d'ingresso al Palazzo Reale,giacomo.bianchi@mail.com,2026-08-10,5
Madrid: Biglietto d'ingresso al Palazzo Reale,giacomo.bianchi@mail.com,2026-08-11,5
Madrid: Biglietto d'ingresso al Palazzo Reale,giacomo.bianchi@mail.com,2026-08-12,5
Madrid: biglietto per lo Zoo Aquarium,giacomo.bianchi@mail.com,2026-08-01,5
Madrid: biglietto per lo Zoo Aquarium,giacomo.bianchi@mail.com,2026-08-03,5
Madrid: biglietto per lo Zoo Aquarium,giacomo.bianchi@mail.com,2026-08-04,5
Madrid: biglietto per lo Zoo Aquarium,giacomo.bianchi@mail.com,2026-08-05,5
Madrid: biglietto per lo Zoo Aquarium,giacomo.bianchi@mail.com,2026-08-06,5
Madrid: biglietto per lo Zoo Aquarium,giacomo.bianchi@mail.com,2026-08-07,5
Madrid: biglietto per lo Zoo Aquarium,giacomo.bianchi@mail.com,2026-08-08,5
Madrid: biglietto per lo Zoo Aquarium,giacomo.bianchi@mail.com,2026-08-10,5
Madrid: biglietto per lo Zoo Aquarium,giacomo.bianchi@mail.com,2026-08-11,5
Madrid: biglietto per lo Zoo Aquarium,giacomo.bianchi@mail.com,2026-08-12,5
Barcellona: biglietto d'ingresso alla Sagrada Familia,giacomo.bianchi@mail.com,2026-08-01,5
Barcellona: biglietto d'ingresso alla Sagrada Familia,giacomo.bianchi@mail.com,2026-08-03,5
Barcellona: biglietto d'ingresso alla Sagrada Familia,giacomo.bianchi@mail.com,2026-08-04,5
Barcellona: biglietto d'ingresso alla Sagrada Familia,giacomo.bianchi@mail.com,2026-08-05,5
Barcellona: biglietto d'ingresso alla Sagrada Familia,giacomo.bianchi@mail.com,2026-08-06,5
Barcellona: biglietto d'ingresso alla Sagrada Familia,giacomo.bianchi@mail.com,2026-08-07,5
Barcellona: biglietto d'ingresso alla Sagrada Familia,giacomo.bianchi@mail.com,2026-08-08,5
Barcellona: biglietto d'ingresso alla Sagrada Familia,giacomo.bianchi@mail.com,2026-08-10,5
Barcellona: biglietto d'ingresso alla Sagrada Familia,giacomo.bianchi@mail.com,2026-08-11,5
Barcellona: biglietto d'ingresso alla Sagrada Familia,giacomo.bianchi@mail.com,2026-08-12,5
Museo del Muro di Berlino al Checkpoint Charlie,marco.marroni@mail.com,2026-08-01,5
Museo del Muro di Berlino al Checkpoint Charlie,marco.marroni@mail.com,2026-08-03,5
Museo del Muro di Berlino al Checkpoint Charlie,marco.marroni@mail.com,2026-08-04,5
Museo del Muro di Berlino al Checkpoint Charlie,marco.marroni@mail.com,2026-08-05,5
Museo del Muro di Berlino al Checkpoint Charlie,marco.marroni@mail.com,2026-08-06,5
Museo del Muro di Berlino al Checkpoint Charlie,marco.marroni@mail.com,2026-08-07,5
Museo del Muro di Berlino al Checkpoint Charlie,marco.marroni@mail.com,2026-08-08,5
Museo del Muro di Berlino al Checkpoint Charlie,marco.marroni@mail.com,2026-08-10,5
Museo del Muro di Berlino al Checkpoint Charlie,marco.marroni@mail.com,2026-08-11,5
Museo del Muro di Berlino al Checkpoint Charlie,marco.marroni@mail.com,2026-08-12,5
Berlino: Biglietto d'ingresso per il Palazzo di Charlottenburg,marco.marroni@mail.com,2026-08-01,5
Berlino: Biglietto d'ingresso per il Palazzo di Charlottenburg,marco.marroni@mail.com,2026-08-03,5
Berlino: Biglietto d'ingresso per il Palazzo di Charlottenburg,marco.marroni@mail.com,2026-08-04,5
Berlino: Biglietto d'ingresso per il Palazzo di Charlottenburg,marco.marroni@mail.com,2026-08-05,5
Berlino: Biglietto d'ingresso per il Palazzo di Charlottenburg,marco.marroni@mail.com,2026-08-06,5
Berlino: Biglietto d'ingresso per il Palazzo di Charlottenburg,marco.marroni@mail.com,2026-08-07,5
Berlino: Biglietto d'ingresso per il Palazzo di Charlottenburg,marco.marroni@mail.com,2026-08-08,5
Berlino: Biglietto d'ingresso per il Palazzo di Charlottenburg,marco.marroni@mail.com,2026-08-10,5
Berlino: Biglietto d'ingresso per il Palazzo di Charlottenburg,marco.marroni@mail.com,2026-08-11,5
Berlino: Biglietto d'ingresso per il Palazzo di Charlottenburg,marco.marroni@mail.com,2026-08-12,5
Berlino: biglietto d'ingresso al Berlin Story Bunker,marco.marroni@mail.com,2026-08-01,5
Berlino: biglietto d'ingresso al Berlin Story Bunker,marco.marroni@mail.com,2026-08-03,5
Berlino: biglietto d'ingresso al Berlin Story Bunker,marco.marroni@mail.com,2026-08-04,5
Berlino: biglietto d'ingresso al Berlin Story Bunker,marco.marroni@mail.com,2026-08-05,5
Berlino: biglietto d'ingresso al Berlin Story Bunker,marco.marroni@mail.com,2026-08-06,5
Berlino: biglietto d'ingresso al Berlin Story Bunker,marco.marroni@mail.com,2026-08-07,5
Berlino: biglietto d'ingresso al Berlin Story Bunker,marco.marroni@mail.com,2026-08-08,5
Berlino: biglietto d'ingresso al Berlin Story Bunker,marco.marroni@mail.com,2026-08-10,5
Berlino: biglietto d'ingresso al Berlin Story Bunker,marco.marroni@mail.com,2026-08-11,5
Berlino: biglietto d'ingresso al Berlin Story Bunker,marco.marroni@mail.com,2026-08-12,5
Londra: esperienza di Buckingham Palace e cambio della guardia,provider5@mail.com,2026-08-01,5
Londra: esperienza di Buckingham Palace e cambio della guardia,provider5@mail.com,2026-08-03,5
Londra: esperienza di Buckingham Palace e cambio della guardia,provider5@mail.com,2026-08-04,5
Londra: esperienza di Buckingham Palace e cambio della guardia,provider5@mail.com,2026-08-05,5
Londra: esperienza di Buckingham Palace e cambio della guardia,provider5@mail.com,2026-08-06,5
Londra: esperienza di Buckingham Palace e cambio della guardia,provider5@mail.com,2026-08-07,5
Londra: esperienza di Buckingham Palace e cambio della guardia,provider5@mail.com,2026-08-08,5
Londra: esperienza di Buckingham Palace e cambio della guardia,provider5@mail.com,2026-08-10,5
Londra: esperienza di Buckingham Palace e cambio della guardia,provider5@mail.com,2026-08-11,5
Londra: esperienza di Buckingham Palace e cambio della guardia,provider5@mail.com,2026-08-12,5
Londra: tour rapido del Museo di storia naturale,provider5@mail.com,2026-08-01,5
Londra: tour rapido del Museo di storia naturale,provider5@mail.com,2026-08-03,5
Londra: tour rapido del Museo di storia naturale,provider5@mail.com,2026-08-04,5
Londra: tour rapido del Museo di storia naturale,provider5@mail.com,2026-08-05,5
Londra: tour rapido del Museo di storia naturale,provider5@mail.com,2026-08-06,5
Londra: tour rapido del Museo di storia naturale,provider5@mail.com,2026-08-07,5
Londra: tour rapido del Museo di storia naturale,provider5@mail.com,2026-08-08,5
Londra: tour rapido del Museo di storia naturale,provider5@mail.com,2026-08-10,5
Londra: tour rapido del Museo di storia naturale,provider5@mail.com,2026-08-11,5
Londra: tour rapido del Museo di storia naturale,provider5@mail.com,2026-08-12,5
Londra: Biglietto d'ingresso per il London Eye,provider5@mail.com,2026-08-01,5
Londra: Biglietto d'ingresso per il London Eye,provider5@mail.com,2026-08-03,5
Londra: Biglietto d'ingresso per il London Eye,provider5@mail.com,2026-08-04,5
Londra: Biglietto d'ingresso per il London Eye,provider5@mail.com,2026-08-05,5
Londra: Biglietto d'ingresso per il London Eye,provider5@mail.com,2026-08-06,5
Londra: Biglietto d'ingresso per il London Eye,provider5@mail.com,2026-08-07,5
Londra: Biglietto d'ingresso per il London Eye,provider5@mail.com,2026-08-08,5
Londra: Biglietto d'ingresso per il London Eye,provider5@mail.com,2026-08-10,5
Londra: Biglietto d'ingresso per il London Eye,provider5@mail.com,2026-08-11,5
Londra: Biglietto d'ingresso per il London Eye,provider5@mail.com,2026-08-12,5